time,station_id,station_name,temp_c,pressure_hpa,humidity_pct,wind_speed_ms,wind_gust_ms,wind_dir_deg,precip_1h_mm
2026-07-10 00:00:00,54511,北京,28.5,1001.5,74.7,2.4,3.6,93.0,0.0
2026-07-10 01:00:00,54511,北京,28.4,1001.9,73.2,2.6,4.0,89.0,0.0
2026-07-10 02:00:00,54511,北京,28.2,1002.2,76.1,2.6,3.4,93.0,0.9
2026-07-10 03:00:00,54511,北京,28.5,1001.7,73.9,2.3,2.3,93.0,0.0
2026-07-10 04:00:00,54511,北京,28.2,1001.4,75.4,2.6,3.7,92.0,0.0
2026-07-10 05:00:00,54511,北京,27.4,1002.7,73.2,4.2,5.7,95.0,0.1
2026-07-10 06:00:00,54511,北京,28.4,1002.0,71.6,2.6,3.7,95.0,0.0
2026-07-10 07:00:00,54511,北京,27.7,1001.8,70.9,2.4,3.8,91.0,0.2
2026-07-10 08:00:00,54511,北京,28.2,1001.9,76.6,1.7,3.3,94.0,0.0
2026-07-10 09:00:00,54511,北京,27.9,1002.3,72.6,2.6,3.6,90.0,0.2
2026-07-10 10:00:00,54511,北京,27.2,1002.1,78.5,2.8,2.9,94.0,0.0
2026-07-10 11:00:00,54511,北京,27.5,1001.6,77.2,3.5,5.7,95.0,1.2
2026-07-10 12:00:00,54511,北京,27.7,1001.6,74.2,3.2,5.1,95.0,1.3
2026-07-10 13:00:00,54511,北京,28.1,1002.2,75.9,3.1,4.0,83.0,0.0
2026-07-10 14:00:00,54511,北京,28.4,1002.7,76.9,3.3,4.6,85.0,0.0
2026-07-10 15:00:00,54511,北京,27.9,1002.0,73.2,2.3,2.9,94.0,0.7
2026-07-10 16:00:00,54511,北京,28.1,1001.7,76.4,2.9,3.5,74.0,0.0
2026-07-10 17:00:00,54511,北京,28.3,1002.3,72.3,2.8,2.8,81.0,0.0
2026-07-10 18:00:00,54511,北京,28.4,1001.5,73.9,2.7,3.4,95.0,0.7
2026-07-10 19:00:00,54511,北京,28.0,1001.9,76.5,2.8,3.5,95.0,0.9
2026-07-10 20:00:00,54511,北京,27.5,1002.1,75.6,3.7,5.0,100.0,0.6
2026-07-10 21:00:00,54511,北京,28.4,1001.5,72.9,2.2,3.0,84.0,1.3
2026-07-10 22:00:00,54511,北京,28.3,1002.5,75.3,3.2,4.4,76.0,0.6
2026-07-10 23:00:00,54511,北京,28.0,1001.8,73.6,2.7,3.3,86.0,0.0
2026-07-11 00:00:00,54511,北京,28.1,1002.3,73.3,3.3,4.4,93.0,0.0
2026-07-11 01:00:00,54511,北京,27.9,1001.5,73.4,2.0,2.3,95.0,0.7
2026-07-11 02:00:00,54511,北京,28.2,1002.8,74.6,2.4,3.9,96.0,0.0
2026-07-11 03:00:00,54511,北京,28.4,1001.9,74.9,3.4,5.2,87.0,0.0
2026-07-11 04:00:00,54511,北京,27.9,1001.7,78.2,2.9,3.9,103.0,0.0
2026-07-11 05:00:00,54511,北京,27.9,1003.2,74.1,3.0,3.6,88.0,0.7
2026-07-11 06:00:00,54511,北京,27.9,1001.8,77.6,4.1,5.6,87.0,0.0
2026-07-11 07:00:00,54511,北京,27.8,1001.9,76.9,4.3,6.7,97.0,0.3
2026-07-11 08:00:00,54511,北京,27.5,1002.3,77.1,2.0,2.6,106.0,0.0
2026-07-11 09:00:00,54511,北京,27.7,1001.3,75.6,4.1,5.4,75.0,0.0
2026-07-11 10:00:00,54511,北京,28.3,1001.5,74.8,3.9,5.1,78.0,0.0
2026-07-11 11:00:00,54511,北京,27.2,1002.1,75.6,2.6,2.7,89.0,0.0
2026-07-11 12:00:00,54511,北京,28.4,1001.7,73.5,1.8,2.9,95.0,0.6
2026-07-11 13:00:00,54511,北京,27.7,1002.1,74.4,2.6,3.1,95.0,0.0
2026-07-11 14:00:00,54511,北京,27.3,1001.9,76.0,3.1,2.9,84.0,0.8
2026-07-11 15:00:00,54511,北京,28.5,1001.9,73.3,2.3,1.8,91.0,0.0
2026-07-11 16:00:00,54511,北京,28.3,1002.0,75.9,2.2,2.9,78.0,0.0
2026-07-11 17:00:00,54511,北京,28.2,1001.6,76.6,4.3,5.2,81.0,0.0
2026-07-11 18:00:00,54511,北京,28.1,1001.6,77.6,3.7,5.1,86.0,0.2
2026-07-11 19:00:00,54511,北京,28.1,1001.6,69.9,3.2,4.5,95.0,0.0
2026-07-11 20:00:00,54511,北京,28.1,1002.0,76.7,2.9,4.0,90.0,0.0
2026-07-11 21:00:00,54511,北京,28.0,1001.7,77.8,4.0,5.1,97.0,0.0
2026-07-11 22:00:00,54511,北京,28.2,1002.1,76.7,3.2,4.7,84.0,1.1
2026-07-11 23:00:00,54511,北京,28.0,1001.6,77.1,2.8,4.0,97.0,1.1
2026-07-12 00:00:00,54511,北京,28.0,1001.8,75.3,3.1,3.6,88.0,0.7
2026-07-12 01:00:00,54511,北京,28.3,1000.9,76.8,2.8,3.7,92.0,1.2
2026-07-12 02:00:00,54511,北京,28.2,1001.5,76.0,3.1,4.4,87.0,0.6
2026-07-12 03:00:00,54511,北京,28.0,1002.0,76.1,4.2,6.3,86.0,0.0
2026-07-12 04:00:00,54511,北京,28.1,1001.2,76.1,2.6,2.9,82.0,1.2
2026-07-12 05:00:00,54511,北京,27.7,1000.6,74.7,3.5,4.7,106.0,0.0
2026-07-12 06:00:00,54511,北京,27.7,1000.2,73.9,2.6,4.7,110.0,0.5
2026-07-12 07:00:00,54511,北京,27.8,1001.1,80.7,2.4,4.0,98.0,0.0
2026-07-12 08:00:00,54511,北京,27.5,998.9,77.8,3.2,4.0,103.0,0.6
2026-07-12 09:00:00,54511,北京,27.4,999.4,78.3,3.5,5.2,122.0,0.0
2026-07-12 10:00:00,54511,北京,27.3,998.9,76.2,3.7,5.4,99.0,2.6
2026-07-12 11:00:00,54511,北京,27.2,997.7,78.6,3.8,5.8,121.0,1.7
2026-07-12 12:00:00,54511,北京,27.6,996.1,79.0,3.5,5.0,120.0,0.2
2026-07-12 13:00:00,54511,北京,27.1,995.0,81.1,3.3,4.5,137.0,1.3
2026-07-12 14:00:00,54511,北京,26.3,994.7,77.7,5.2,6.8,152.0,1.0
2026-07-12 15:00:00,54511,北京,26.6,993.3,81.3,4.9,7.8,148.0,2.9
2026-07-12 16:00:00,54511,北京,26.5,991.6,80.0,4.8,7.0,153.0,2.3
2026-07-12 17:00:00,54511,北京,26.7,989.8,84.0,4.8,6.3,165.0,4.8
2026-07-12 18:00:00,54511,北京,26.5,988.3,85.7,5.1,6.8,186.0,4.1
2026-07-12 19:00:00,54511,北京,25.8,986.5,82.7,5.7,7.9,204.0,5.2
2026-07-12 20:00:00,54511,北京,25.8,985.6,87.6,5.8,8.1,203.0,4.6
2026-07-12 21:00:00,54511,北京,25.3,983.6,89.4,5.1,7.6,209.0,4.6
2026-07-12 22:00:00,54511,北京,25.5,982.2,89.8,6.7,10.6,228.0,6.8
2026-07-12 23:00:00,54511,北京,24.7,980.0,88.6,5.3,8.1,227.0,5.3
2026-07-10 00:00:00,58367,上海,27.8,999.9,77.0,4.4,5.5,94.0,0.0
2026-07-10 01:00:00,58367,上海,27.6,999.9,75.0,1.9,2.7,65.0,0.0
2026-07-10 02:00:00,58367,上海,28.1,1000.6,76.2,2.1,4.0,90.0,0.5
2026-07-10 03:00:00,58367,上海,28.5,999.5,74.8,2.6,3.8,86.0,0.7
2026-07-10 04:00:00,58367,上海,28.0,1000.9,72.2,2.4,3.8,74.0,0.0
2026-07-10 05:00:00,58367,上海,27.6,999.6,72.7,3.3,4.6,88.0,0.6
2026-07-10 06:00:00,58367,上海,28.0,999.3,70.1,2.1,3.3,102.0,0.1
2026-07-10 07:00:00,58367,上海,28.0,999.9,80.2,3.4,5.1,94.0,0.0
2026-07-10 08:00:00,58367,上海,27.8,1000.5,74.5,2.4,3.0,86.0,0.0
2026-07-10 09:00:00,58367,上海,27.9,999.5,75.4,3.1,3.7,84.0,0.0
2026-07-10 10:00:00,58367,上海,27.9,999.7,75.1,2.8,4.1,103.0,0.0
2026-07-10 11:00:00,58367,上海,28.2,999.9,73.6,3.1,3.6,87.0,0.0
2026-07-10 12:00:00,58367,上海,27.8,1000.2,74.6,2.7,3.4,90.0,0.7
2026-07-10 13:00:00,58367,上海,28.2,1000.1,73.2,3.6,5.0,95.0,0.9
2026-07-10 14:00:00,58367,上海,28.3,999.9,74.3,2.4,3.6,102.0,0.3
2026-07-10 15:00:00,58367,上海,27.4,1000.0,74.7,2.7,4.4,89.0,0.0
2026-07-10 16:00:00,58367,上海,27.9,999.8,76.8,3.4,4.3,84.0,1.1
2026-07-10 17:00:00,58367,上海,28.0,999.8,73.8,3.0,4.6,87.0,0.0
2026-07-10 18:00:00,58367,上海,27.6,999.8,74.2,3.1,3.9,89.0,0.0
2026-07-10 19:00:00,58367,上海,27.9,999.7,73.0,2.0,2.9,91.0,0.0
2026-07-10 20:00:00,58367,上海,28.1,1000.1,76.6,2.4,2.9,83.0,0.0
2026-07-10 21:00:00,58367,上海,27.8,1000.6,71.7,3.1,4.0,90.0,0.3
2026-07-10 22:00:00,58367,上海,27.8,999.3,75.1,2.4,3.3,94.0,0.0
2026-07-10 23:00:00,58367,上海,28.2,999.7,73.9,3.1,5.0,98.0,1.4
2026-07-11 00:00:00,58367,上海,27.8,1000.7,74.2,3.9,5.8,90.0,0.0
2026-07-11 01:00:00,58367,上海,28.2,999.2,71.2,3.3,5.4,90.0,0.0
2026-07-11 02:00:00,58367,上海,28.0,1000.3,75.4,3.3,4.6,95.0,0.0
2026-07-11 03:00:00,58367,上海,28.2,999.5,73.7,2.5,4.7,98.0,0.0
2026-07-11 04:00:00,58367,上海,27.7,999.8,72.0,3.4,5.1,103.0,0.0
2026-07-11 05:00:00,58367,上海,28.3,999.6,78.0,2.6,3.6,92.0,0.3
2026-07-11 06:00:00,58367,上海,28.2,1000.2,72.6,3.8,4.5,112.0,0.1
2026-07-11 07:00:00,58367,上海,28.5,999.7,76.1,2.9,4.2,106.0,0.0
2026-07-11 08:00:00,58367,上海,28.0,999.7,75.1,3.2,3.5,93.0,0.0
2026-07-11 09:00:00,58367,上海,27.9,999.6,72.9,4.5,6.2,79.0,0.0
2026-07-11 10:00:00,58367,上海,27.9,998.6,76.0,3.3,4.6,98.0,0.0
2026-07-11 11:00:00,58367,上海,27.6,998.3,73.7,3.4,5.0,93.0,0.4
2026-07-11 12:00:00,58367,上海,27.5,998.3,78.0,3.5,5.0,105.0,0.0
2026-07-11 13:00:00,58367,上海,27.6,997.5,75.0,3.6,4.6,105.0,0.0
2026-07-11 14:00:00,58367,上海,27.6,998.1,73.9,3.6,4.2,113.0,0.0
2026-07-11 15:00:00,58367,上海,27.3,997.3,78.5,4.1,5.3,109.0,0.4
2026-07-11 16:00:00,58367,上海,27.7,995.9,76.1,5.4,7.8,104.0,0.6
2026-07-11 17:00:00,58367,上海,27.1,996.3,78.6,4.6,5.3,121.0,1.5
2026-07-11 18:00:00,58367,上海,27.3,994.6,76.4,4.5,5.7,116.0,2.8
2026-07-11 19:00:00,58367,上海,27.0,993.0,78.9,5.1,7.4,125.0,3.1
2026-07-11 20:00:00,58367,上海,26.8,991.8,75.6,6.3,8.3,131.0,3.2
2026-07-11 21:00:00,58367,上海,26.5,991.3,80.1,6.8,9.4,154.0,5.2
2026-07-11 22:00:00,58367,上海,26.2,989.0,83.9,7.5,11.2,152.0,5.5
2026-07-11 23:00:00,58367,上海,26.7,988.2,82.5,8.4,12.1,160.0,6.6
2026-07-12 00:00:00,58367,上海,26.1,986.1,87.3,8.5,12.9,195.0,8.3
2026-07-12 01:00:00,58367,上海,25.8,985.6,86.0,9.5,14.2,198.0,8.2
2026-07-12 02:00:00,58367,上海,25.2,983.3,86.6,10.1,15.8,209.0,11.2
2026-07-12 03:00:00,58367,上海,25.5,981.4,92.4,11.4,17.7,212.0,11.6
2026-07-12 04:00:00,58367,上海,25.3,979.8,92.9,11.5,18.1,214.0,11.9
2026-07-12 05:00:00,58367,上海,24.6,978.6,92.2,13.0,20.3,237.0,13.5
2026-07-12 06:00:00,58367,上海,23.9,977.2,91.6,12.3,19.8,252.0,15.1
2026-07-12 07:00:00,58367,上海,24.6,975.4,91.5,14.3,21.7,265.0,16.7
2026-07-12 08:00:00,58367,上海,24.6,974.4,94.5,15.0,23.9,243.0,18.4
2026-07-12 09:00:00,58367,上海,24.2,972.8,95.9,13.8,22.0,257.0,16.9
2026-07-12 10:00:00,58367,上海,23.9,972.3,96.1,15.5,23.9,263.0,17.9
2026-07-12 11:00:00,58367,上海,24.2,972.0,96.7,15.5,25.0,283.0,18.0
2026-07-12 12:00:00,58367,上海,24.1,972.3,97.7,15.1,23.8,277.0,17.1
2026-07-12 13:00:00,58367,上海,23.6,971.9,92.1,15.2,24.9,279.0,16.3
2026-07-12 14:00:00,58367,上海,24.5,972.6,94.7,14.5,22.9,271.0,16.2
2026-07-12 15:00:00,58367,上海,23.6,973.0,90.9,14.4,23.1,260.0,15.9
2026-07-12 16:00:00,58367,上海,24.5,974.4,89.3,13.9,22.3,261.0,12.2
2026-07-12 17:00:00,58367,上海,24.6,975.6,91.1,14.1,22.4,249.0,11.3
2026-07-12 18:00:00,58367,上海,24.7,976.3,85.8,12.6,20.0,235.0,12.3
2026-07-12 19:00:00,58367,上海,24.9,978.3,85.4,12.2,18.8,232.0,8.9
2026-07-12 20:00:00,58367,上海,25.0,980.0,88.9,11.8,17.2,221.0,7.2
2026-07-12 21:00:00,58367,上海,25.0,981.0,79.8,11.0,16.9,217.0,5.5
2026-07-12 22:00:00,58367,上海,25.8,982.7,80.1,10.3,14.8,194.0,6.3
2026-07-12 23:00:00,58367,上海,26.0,985.0,78.9,10.9,15.8,190.0,4.8
2026-07-10 00:00:00,58457,杭州,28.3,998.9,75.4,1.9,1.4,107.0,0.0
2026-07-10 01:00:00,58457,杭州,27.7,998.9,76.3,3.6,4.5,88.0,0.3
2026-07-10 02:00:00,58457,杭州,28.5,998.9,74.6,3.2,3.8,90.0,1.2
2026-07-10 03:00:00,58457,杭州,28.5,999.1,75.4,3.3,4.3,97.0,0.0
2026-07-10 04:00:00,58457,杭州,28.3,998.4,72.9,2.5,3.4,92.0,0.0
2026-07-10 05:00:00,58457,杭州,27.6,998.5,75.8,3.4,3.5,88.0,0.0
2026-07-10 06:00:00,58457,杭州,28.0,999.3,74.1,3.0,4.1,94.0,0.2
2026-07-10 07:00:00,58457,杭州,27.9,999.5,79.1,2.5,3.3,89.0,0.9
2026-07-10 08:00:00,58457,杭州,28.2,999.1,75.3,3.0,3.5,80.0,0.0
2026-07-10 09:00:00,58457,杭州,28.1,999.0,76.9,2.4,2.9,99.0,0.0
2026-07-10 10:00:00,58457,杭州,28.4,999.5,77.6,3.5,4.0,78.0,0.2
2026-07-10 11:00:00,58457,杭州,28.1,999.5,76.5,3.8,4.9,89.0,0.5
2026-07-10 12:00:00,58457,杭州,27.6,999.3,76.7,2.3,2.0,63.0,0.0
2026-07-10 13:00:00,58457,杭州,28.7,999.3,68.7,3.4,4.4,89.0,0.0
2026-07-10 14:00:00,58457,杭州,28.1,999.8,76.7,3.2,4.5,99.0,0.2
2026-07-10 15:00:00,58457,杭州,28.2,998.9,73.5,4.2,5.9,88.0,0.1
2026-07-10 16:00:00,58457,杭州,28.2,998.4,74.9,3.7,4.6,94.0,0.0
2026-07-10 17:00:00,58457,杭州,28.0,999.5,75.3,3.6,4.4,91.0,0.3
2026-07-10 18:00:00,58457,杭州,28.1,999.0,75.5,3.3,5.1,101.0,0.0
2026-07-10 19:00:00,58457,杭州,27.9,998.0,74.3,2.3,3.9,90.0,0.0
2026-07-10 20:00:00,58457,杭州,28.3,999.0,75.0,3.1,4.4,87.0,0.6
2026-07-10 21:00:00,58457,杭州,28.1,998.5,75.2,2.1,2.0,87.0,0.0
2026-07-10 22:00:00,58457,杭州,27.9,998.8,77.8,2.3,2.7,89.0,0.0
2026-07-10 23:00:00,58457,杭州,28.3,999.3,73.0,2.9,3.4,84.0,0.0
2026-07-11 00:00:00,58457,杭州,28.2,999.1,75.5,4.1,5.8,96.0,0.0
2026-07-11 01:00:00,58457,杭州,27.7,998.3,76.9,3.8,5.7,108.0,0.8
2026-07-11 02:00:00,58457,杭州,28.1,998.2,75.5,2.8,3.0,87.0,0.0
2026-07-11 03:00:00,58457,杭州,27.5,998.1,76.5,3.6,5.9,87.0,0.9
2026-07-11 04:00:00,58457,杭州,27.6,999.2,78.3,2.5,4.0,84.0,0.4
2026-07-11 05:00:00,58457,杭州,27.8,998.1,73.3,4.0,5.7,98.0,0.4
2026-07-11 06:00:00,58457,杭州,27.8,997.5,74.3,2.9,4.4,100.0,1.6
2026-07-11 07:00:00,58457,杭州,28.1,997.9,76.9,3.8,5.4,95.0,0.0
2026-07-11 08:00:00,58457,杭州,27.8,997.5,72.3,3.7,4.5,103.0,0.5
2026-07-11 09:00:00,58457,杭州,28.2,996.5,74.3,3.5,4.3,98.0,0.9
2026-07-11 10:00:00,58457,杭州,27.7,996.1,74.8,3.7,4.5,105.0,2.4
2026-07-11 11:00:00,58457,杭州,27.6,995.8,74.3,5.4,7.5,111.0,1.0
2026-07-11 12:00:00,58457,杭州,27.4,995.7,75.8,3.8,4.3,113.0,3.1
2026-07-11 13:00:00,58457,杭州,27.7,994.1,74.3,5.0,6.7,99.0,2.5
2026-07-11 14:00:00,58457,杭州,27.8,993.4,76.8,6.0,7.8,135.0,3.8
2026-07-11 15:00:00,58457,杭州,27.3,992.3,77.8,6.0,8.0,138.0,3.3
2026-07-11 16:00:00,58457,杭州,26.7,991.5,75.6,7.5,10.3,135.0,6.1
2026-07-11 17:00:00,58457,杭州,26.6,990.7,83.3,7.3,10.4,145.0,8.3
2026-07-11 18:00:00,58457,杭州,26.1,988.7,83.9,8.1,10.9,160.0,9.9
2026-07-11 19:00:00,58457,杭州,26.0,987.2,84.9,8.4,12.6,172.0,10.9
2026-07-11 20:00:00,58457,杭州,25.9,985.5,87.1,9.5,14.1,177.0,12.6
2026-07-11 21:00:00,58457,杭州,25.5,983.4,84.5,9.9,14.8,196.0,14.2
2026-07-11 22:00:00,58457,杭州,26.0,982.4,85.6,12.0,18.3,184.0,17.2
2026-07-11 23:00:00,58457,杭州,25.2,980.0,91.9,13.1,19.6,198.0,19.7
2026-07-12 00:00:00,58457,杭州,24.7,978.4,92.8,14.1,21.2,209.0,20.8
2026-07-12 01:00:00,58457,杭州,25.2,977.3,91.4,13.5,21.3,232.0,23.8
2026-07-12 02:00:00,58457,杭州,24.7,975.3,91.7,15.2,23.6,253.0,26.6
2026-07-12 03:00:00,58457,杭州,24.6,974.3,93.7,14.9,24.5,243.0,25.5
2026-07-12 04:00:00,58457,杭州,24.3,973.5,94.6,15.6,24.6,262.0,27.8
2026-07-12 05:00:00,58457,杭州,24.3,972.2,96.7,16.0,25.0,257.0,28.6
2026-07-12 06:00:00,58457,杭州,23.9,971.4,93.2,16.9,26.8,278.0,29.3
2026-07-12 07:00:00,58457,杭州,23.8,971.3,93.7,17.7,27.2,269.0,27.5
2026-07-12 08:00:00,58457,杭州,24.0,971.0,92.1,16.8,26.9,264.0,26.0
2026-07-12 09:00:00,58457,杭州,24.2,971.1,96.0,17.4,27.9,277.0,25.9
2026-07-12 10:00:00,58457,杭州,23.9,971.6,94.2,16.5,25.1,266.0,24.5
2026-07-12 11:00:00,58457,杭州,24.3,972.0,91.9,17.0,26.9,256.0,23.3
2026-07-12 12:00:00,58457,杭州,24.5,972.6,89.2,15.8,24.4,266.0,21.2
2026-07-12 13:00:00,58457,杭州,24.7,974.3,89.0,16.2,24.5,248.0,20.2
2026-07-12 14:00:00,58457,杭州,25.2,976.0,91.5,14.8,23.4,244.0,16.1
2026-07-12 15:00:00,58457,杭州,24.5,977.2,85.0,14.6,22.2,219.0,14.0
2026-07-12 16:00:00,58457,杭州,24.6,979.3,82.5,14.2,22.0,209.0,12.0
2026-07-12 17:00:00,58457,杭州,25.6,979.6,82.1,11.7,18.4,205.0,9.7
2026-07-12 18:00:00,58457,杭州,25.6,982.0,83.6,12.8,20.2,198.0,8.1
2026-07-12 19:00:00,58457,杭州,25.8,983.1,79.6,10.1,15.5,178.0,6.9
2026-07-12 20:00:00,58457,杭州,26.0,985.5,80.2,10.3,15.7,176.0,6.4
2026-07-12 21:00:00,58457,杭州,26.2,987.3,76.1,8.2,11.8,159.0,5.3
2026-07-12 22:00:00,58457,杭州,26.2,989.0,74.9,7.6,10.2,154.0,3.5
2026-07-12 23:00:00,58457,杭州,26.9,989.6,78.9,7.6,11.4,140.0,2.7
2026-07-10 00:00:00,58665,温州,27.8,996.5,78.3,3.0,4.0,74.0,0.3
2026-07-10 01:00:00,58665,温州,28.7,997.3,78.4,2.8,3.6,89.0,0.0
2026-07-10 02:00:00,58665,温州,28.0,997.1,75.7,2.6,3.4,93.0,0.0
2026-07-10 03:00:00,58665,温州,28.1,997.2,73.0,3.2,4.1,102.0,0.5
2026-07-10 04:00:00,58665,温州,27.3,996.9,73.9,2.2,2.7,95.0,0.0
2026-07-10 05:00:00,58665,温州,28.4,997.1,74.5,1.8,2.4,99.0,0.0
2026-07-10 06:00:00,58665,温州,27.9,996.9,72.6,3.0,4.6,85.0,0.0
2026-07-10 07:00:00,58665,温州,27.9,996.6,72.2,2.7,3.1,93.0,0.0
2026-07-10 08:00:00,58665,温州,27.8,997.3,75.9,2.5,3.6,86.0,0.8
2026-07-10 09:00:00,58665,温州,28.1,997.1,78.9,3.3,4.4,86.0,0.0
2026-07-10 10:00:00,58665,温州,28.0,996.8,77.1,2.6,3.4,83.0,0.3
2026-07-10 11:00:00,58665,温州,27.8,997.1,75.3,3.1,3.7,89.0,0.4
2026-07-10 12:00:00,58665,温州,27.9,997.4,75.1,3.2,4.7,83.0,0.0
2026-07-10 13:00:00,58665,温州,27.2,996.6,75.4,2.9,4.1,84.0,0.0
2026-07-10 14:00:00,58665,温州,28.1,997.0,73.4,2.5,3.1,82.0,0.0
2026-07-10 15:00:00,58665,温州,28.0,996.5,72.7,2.4,2.8,91.0,0.0
2026-07-10 16:00:00,58665,温州,28.5,996.2,74.2,2.9,3.3,96.0,0.0
2026-07-10 17:00:00,58665,温州,28.8,996.3,72.3,3.5,4.0,101.0,0.4
2026-07-10 18:00:00,58665,温州,28.3,996.9,77.2,3.4,4.6,98.0,0.0
2026-07-10 19:00:00,58665,温州,27.9,997.0,74.7,4.6,6.4,97.0,0.0
2026-07-10 20:00:00,58665,温州,28.2,996.5,71.5,3.0,3.9,99.0,0.0
2026-07-10 21:00:00,58665,温州,28.4,996.0,72.5,3.0,3.4,102.0,1.0
2026-07-10 22:00:00,58665,温州,27.1,996.2,73.6,4.2,6.2,97.0,0.0
2026-07-10 23:00:00,58665,温州,27.8,995.6,72.1,5.1,6.8,101.0,0.1
2026-07-11 00:00:00,58665,温州,27.7,995.9,74.4,3.2,4.6,112.0,1.4
2026-07-11 01:00:00,58665,温州,27.7,995.1,75.3,4.1,4.9,103.0,1.3
2026-07-11 02:00:00,58665,温州,27.9,995.1,74.7,6.2,8.5,93.0,1.0
2026-07-11 03:00:00,58665,温州,27.7,993.9,76.8,5.3,6.3,110.0,3.9
2026-07-11 04:00:00,58665,温州,26.9,993.1,75.7,5.3,8.0,112.0,4.7
2026-07-11 05:00:00,58665,温州,27.6,993.0,77.7,7.4,9.6,140.0,5.1
2026-07-11 06:00:00,58665,温州,27.2,991.0,76.7,7.3,9.9,119.0,5.0
2026-07-11 07:00:00,58665,温州,26.6,991.0,78.1,8.1,12.3,123.0,6.0
2026-07-11 08:00:00,58665,温州,26.5,989.1,77.1,8.7,12.1,139.0,11.4
2026-07-11 09:00:00,58665,温州,26.3,987.2,79.5,10.6,15.8,132.0,11.1
2026-07-11 10:00:00,58665,温州,26.3,986.0,79.3,12.2,18.1,158.0,14.7
2026-07-11 11:00:00,58665,温州,26.2,984.4,84.4,12.1,17.9,159.0,16.3
2026-07-11 12:00:00,58665,温州,26.4,983.1,82.0,14.0,19.4,173.0,21.0
2026-07-11 13:00:00,58665,温州,25.5,981.9,84.7,15.2,22.3,174.0,24.0
2026-07-11 14:00:00,58665,温州,25.3,980.3,84.2,15.8,24.2,199.0,29.0
2026-07-11 15:00:00,58665,温州,25.4,978.5,90.1,17.2,26.3,207.0,30.1
2026-07-11 16:00:00,58665,温州,24.8,976.9,91.6,18.6,28.6,211.0,34.1
2026-07-11 17:00:00,58665,温州,24.7,975.7,93.7,20.1,30.5,225.0,36.7
2026-07-11 18:00:00,58665,温州,24.9,973.6,94.2,21.7,33.8,251.0,38.8
2026-07-11 19:00:00,58665,温州,23.8,972.2,95.6,23.2,35.8,240.0,42.6
2026-07-11 20:00:00,58665,温州,24.0,971.3,91.9,23.9,38.1,267.0,43.7
2026-07-11 21:00:00,58665,温州,24.3,970.4,97.0,24.6,39.0,270.0,45.2
2026-07-11 22:00:00,58665,温州,24.3,969.8,96.0,25.8,42.0,260.0,43.7
2026-07-11 23:00:00,58665,温州,23.9,969.0,94.3,24.4,39.3,274.0,44.3
2026-07-12 00:00:00,58665,温州,23.9,968.6,94.5,25.5,41.8,255.0,45.1
2026-07-12 01:00:00,58665,温州,23.9,968.8,90.1,25.1,40.4,263.0,42.9
2026-07-12 02:00:00,58665,温州,24.8,970.0,90.6,24.6,39.2,268.0,39.7
2026-07-12 03:00:00,58665,温州,24.1,970.2,96.2,24.2,38.1,263.0,36.2
2026-07-12 04:00:00,58665,温州,24.1,971.2,90.6,23.0,36.1,254.0,34.7
2026-07-12 05:00:00,58665,温州,24.3,973.0,89.7,22.8,35.5,243.0,29.5
2026-07-12 06:00:00,58665,温州,24.5,973.4,86.6,22.0,34.8,241.0,27.2
2026-07-12 07:00:00,58665,温州,24.5,975.0,83.0,20.0,30.9,226.0,24.1
2026-07-12 08:00:00,58665,温州,24.8,976.5,81.2,19.1,29.6,222.0,21.4
2026-07-12 09:00:00,58665,温州,25.6,977.6,81.8,17.5,26.1,215.0,17.6
2026-07-12 10:00:00,58665,温州,25.8,979.9,82.5,17.5,26.2,199.0,14.6
2026-07-12 11:00:00,58665,温州,25.0,981.5,84.5,16.1,23.4,179.0,11.7
2026-07-12 12:00:00,58665,温州,25.8,983.3,80.1,13.8,20.2,185.0,9.6
2026-07-12 13:00:00,58665,温州,26.5,984.7,76.3,12.9,19.0,169.0,8.1
2026-07-12 14:00:00,58665,温州,26.4,986.2,80.4,10.9,15.1,152.0,6.2
2026-07-12 15:00:00,58665,温州,26.8,988.8,78.5,9.8,14.5,150.0,5.4
2026-07-12 16:00:00,58665,温州,27.1,989.4,75.1,9.5,13.8,135.0,4.0
2026-07-12 17:00:00,58665,温州,26.8,990.9,76.6,9.1,13.0,131.0,1.6
2026-07-12 18:00:00,58665,温州,27.1,991.1,74.9,7.6,10.0,142.0,1.6
2026-07-12 19:00:00,58665,温州,27.2,992.1,71.9,5.8,7.4,122.0,0.0
2026-07-12 20:00:00,58665,温州,27.6,994.0,72.7,6.0,8.4,111.0,1.1
2026-07-12 21:00:00,58665,温州,27.6,994.0,77.3,5.0,6.7,107.0,1.6
2026-07-12 22:00:00,58665,温州,27.5,994.3,72.1,4.7,5.9,106.0,0.1
2026-07-12 23:00:00,58665,温州,27.9,994.5,79.4,4.3,5.7,104.0,0.7
2026-07-10 00:00:00,58847,福州,27.8,996.0,76.0,3.8,4.7,86.0,0.0
2026-07-10 01:00:00,58847,福州,28.2,995.5,75.3,3.7,5.4,87.0,0.0
2026-07-10 02:00:00,58847,福州,27.7,996.0,73.2,4.7,6.0,89.0,1.3
2026-07-10 03:00:00,58847,福州,27.7,996.0,74.4,3.1,3.9,78.0,0.2
2026-07-10 04:00:00,58847,福州,28.7,996.1,73.8,3.1,3.6,67.0,0.0
2026-07-10 05:00:00,58847,福州,27.9,996.0,72.3,3.1,4.2,82.0,0.6
2026-07-10 06:00:00,58847,福州,28.4,996.0,71.0,3.4,4.7,104.0,1.9
2026-07-10 07:00:00,58847,福州,28.3,996.2,77.2,3.3,4.8,103.0,0.0
2026-07-10 08:00:00,58847,福州,27.6,995.8,74.3,2.0,1.6,72.0,0.0
2026-07-10 09:00:00,58847,福州,28.0,995.4,76.7,3.9,5.8,77.0,0.0
2026-07-10 10:00:00,58847,福州,28.1,996.3,77.4,2.2,3.1,74.0,0.0
2026-07-10 11:00:00,58847,福州,27.7,996.3,78.4,3.1,4.5,86.0,0.6
2026-07-10 12:00:00,58847,福州,27.8,995.5,73.4,2.8,4.2,98.0,0.0
2026-07-10 13:00:00,58847,福州,27.6,995.8,76.2,3.7,4.9,97.0,0.3
2026-07-10 14:00:00,58847,福州,28.3,995.7,74.1,4.1,4.9,87.0,1.1
2026-07-10 15:00:00,58847,福州,28.3,995.4,73.7,2.4,2.8,96.0,1.0
2026-07-10 16:00:00,58847,福州,28.0,995.0,73.0,2.4,3.4,107.0,0.7
2026-07-10 17:00:00,58847,福州,27.8,996.0,72.9,3.8,5.2,99.0,0.0
2026-07-10 18:00:00,58847,福州,28.6,995.1,72.6,3.9,4.8,109.0,0.7
2026-07-10 19:00:00,58847,福州,27.7,995.4,76.2,4.6,6.8,85.0,0.1
2026-07-10 20:00:00,58847,福州,27.4,995.3,73.8,3.6,5.5,86.0,0.0
2026-07-10 21:00:00,58847,福州,27.2,994.9,77.3,4.5,6.3,85.0,0.3
2026-07-10 22:00:00,58847,福州,27.5,994.3,72.6,4.0,5.7,95.0,1.3
2026-07-10 23:00:00,58847,福州,27.3,994.7,72.6,5.2,7.3,109.0,1.8
2026-07-11 00:00:00,58847,福州,27.6,993.0,77.1,4.7,5.9,105.0,3.2
2026-07-11 01:00:00,58847,福州,27.4,992.8,75.4,5.7,7.9,125.0,2.4
2026-07-11 02:00:00,58847,福州,27.0,992.2,75.8,6.3,9.1,117.0,4.0
2026-07-11 03:00:00,58847,福州,27.6,991.0,72.8,6.2,7.8,115.0,4.7
2026-07-11 04:00:00,58847,福州,27.0,991.1,77.6,6.7,9.8,127.0,6.5
2026-07-11 05:00:00,58847,福州,26.4,988.9,81.2,9.5,13.1,116.0,9.2
2026-07-11 06:00:00,58847,福州,26.6,988.2,76.9,9.6,14.0,137.0,11.1
2026-07-11 07:00:00,58847,福州,26.7,987.3,78.5,11.8,16.0,149.0,13.7
2026-07-11 08:00:00,58847,福州,26.2,985.5,81.7,11.5,16.7,162.0,17.5
2026-07-11 09:00:00,58847,福州,26.1,984.6,86.7,13.0,19.1,187.0,18.9
2026-07-11 10:00:00,58847,福州,26.3,981.8,83.3,14.4,21.5,187.0,23.7
2026-07-11 11:00:00,58847,福州,25.2,980.6,85.4,16.8,24.7,199.0,25.4
2026-07-11 12:00:00,58847,福州,25.6,979.0,84.8,17.9,26.7,199.0,30.3
2026-07-11 13:00:00,58847,福州,25.0,977.6,89.7,18.9,29.3,219.0,35.4
2026-07-11 14:00:00,58847,福州,25.3,975.5,89.4,19.8,29.6,219.0,37.5
2026-07-11 15:00:00,58847,福州,24.3,974.4,93.6,21.4,33.4,238.0,42.7
2026-07-11 16:00:00,58847,福州,25.0,972.4,92.4,24.0,38.0,240.0,44.3
2026-07-11 17:00:00,58847,福州,25.1,971.1,95.2,23.6,37.0,260.0,47.3
2026-07-11 18:00:00,58847,福州,24.1,969.6,92.2,26.0,41.4,256.0,48.8
2026-07-11 19:00:00,58847,福州,23.9,968.6,92.8,26.3,42.5,248.0,50.7
2026-07-11 20:00:00,58847,福州,24.4,968.6,94.4,25.7,40.6,254.0,49.6
2026-07-11 21:00:00,58847,福州,24.0,968.1,95.8,26.5,42.2,276.0,50.4
2026-07-11 22:00:00,58847,福州,23.9,968.3,96.5,26.6,43.8,280.0,48.5
2026-07-11 23:00:00,58847,福州,24.0,967.8,91.5,27.5,43.7,279.0,47.3
2026-07-12 00:00:00,58847,福州,24.1,968.7,92.8,26.3,41.7,254.0,42.6
2026-07-12 01:00:00,58847,福州,24.3,969.8,91.7,25.8,40.2,255.0,41.1
2026-07-12 02:00:00,58847,福州,24.4,970.1,94.1,24.4,38.3,247.0,38.0
2026-07-12 03:00:00,58847,福州,23.8,971.3,92.1,24.1,38.0,257.0,35.1
2026-07-12 04:00:00,58847,福州,25.1,972.5,91.7,24.1,37.6,245.0,31.7
2026-07-12 05:00:00,58847,福州,25.7,973.8,85.9,21.8,33.7,218.0,25.7
2026-07-12 06:00:00,58847,福州,24.9,975.3,84.1,19.6,29.6,210.0,22.5
2026-07-12 07:00:00,58847,福州,25.5,977.1,85.7,20.3,31.6,214.0,19.7
2026-07-12 08:00:00,58847,福州,25.4,979.2,83.4,17.5,27.1,190.0,16.2
2026-07-12 09:00:00,58847,福州,26.0,981.0,82.5,15.6,23.3,184.0,12.8
2026-07-12 10:00:00,58847,福州,25.7,982.1,82.0,14.1,20.7,173.0,11.1
2026-07-12 11:00:00,58847,福州,26.1,984.5,78.3,12.5,18.1,167.0,7.8
2026-07-12 12:00:00,58847,福州,26.3,986.2,80.1,11.9,17.5,164.0,6.9
2026-07-12 13:00:00,58847,福州,26.6,987.0,77.8,11.8,16.8,161.0,5.7
2026-07-12 14:00:00,58847,福州,27.1,988.3,76.4,9.5,13.7,139.0,3.8
2026-07-12 15:00:00,58847,福州,26.9,989.2,77.0,8.5,11.3,128.0,3.4
2026-07-12 16:00:00,58847,福州,27.0,990.0,75.8,8.0,11.1,130.0,2.4
2026-07-12 17:00:00,58847,福州,26.7,991.3,77.4,7.5,10.5,131.0,0.9
2026-07-12 18:00:00,58847,福州,27.4,992.1,75.6,6.6,8.6,102.0,0.8
2026-07-12 19:00:00,58847,福州,27.3,992.7,77.6,5.0,6.9,108.0,0.0
2026-07-12 20:00:00,58847,福州,27.7,993.3,77.2,5.3,7.5,109.0,0.0
2026-07-12 21:00:00,58847,福州,28.5,994.3,73.9,4.3,6.0,102.0,0.0
2026-07-12 22:00:00,58847,福州,27.3,995.2,76.8,5.4,6.2,94.0,2.3
2026-07-12 23:00:00,58847,福州,28.1,994.4,75.6,2.9,5.0,95.0,0.0
2026-07-10 00:00:00,59134,厦门,28.4,998.1,73.0,1.6,1.8,81.0,0.0
2026-07-10 01:00:00,59134,厦门,27.7,998.8,74.4,3.0,3.8,87.0,0.0
2026-07-10 02:00:00,59134,厦门,27.9,997.7,74.0,3.9,5.1,98.0,1.0
2026-07-10 03:00:00,59134,厦门,28.4,997.9,72.2,3.3,4.3,87.0,0.0
2026-07-10 04:00:00,59134,厦门,28.0,998.5,75.0,2.9,3.9,75.0,0.0
2026-07-10 05:00:00,59134,厦门,27.5,998.2,75.7,2.9,4.0,85.0,0.0
2026-07-10 06:00:00,59134,厦门,28.0,997.7,74.7,3.5,4.6,81.0,0.0
2026-07-10 07:00:00,59134,厦门,28.5,997.4,74.4,3.3,4.1,82.0,0.3
2026-07-10 08:00:00,59134,厦门,28.2,998.0,76.8,3.3,4.4,96.0,0.0
2026-07-10 09:00:00,59134,厦门,27.7,997.9,76.1,3.3,4.0,90.0,0.0
2026-07-10 10:00:00,59134,厦门,28.3,997.3,74.1,2.9,3.6,71.0,0.2
2026-07-10 11:00:00,59134,厦门,28.0,998.3,72.4,3.1,4.1,90.0,0.0
2026-07-10 12:00:00,59134,厦门,27.5,998.0,73.1,2.4,3.5,73.0,0.0
2026-07-10 13:00:00,59134,厦门,27.9,997.2,75.9,4.0,5.6,99.0,0.0
2026-07-10 14:00:00,59134,厦门,28.3,998.8,75.9,2.9,3.4,83.0,0.8
2026-07-10 15:00:00,59134,厦门,27.7,998.4,75.7,2.4,3.5,99.0,1.3
2026-07-10 16:00:00,59134,厦门,28.6,997.6,74.2,3.9,4.9,90.0,1.3
2026-07-10 17:00:00,59134,厦门,28.0,998.3,74.5,2.6,3.9,94.0,1.0
2026-07-10 18:00:00,59134,厦门,27.8,997.9,75.1,3.0,4.3,101.0,0.0
2026-07-10 19:00:00,59134,厦门,28.3,997.5,75.8,2.7,4.0,88.0,1.2
2026-07-10 20:00:00,59134,厦门,27.3,997.5,75.8,3.1,4.5,83.0,0.0
2026-07-10 21:00:00,59134,厦门,28.5,998.4,75.9,3.0,4.7,99.0,0.0
2026-07-10 22:00:00,59134,厦门,27.9,997.5,74.6,4.3,5.8,91.0,0.6
2026-07-10 23:00:00,59134,厦门,27.4,998.2,77.0,2.7,2.7,86.0,0.0
2026-07-11 00:00:00,59134,厦门,27.8,997.5,75.5,3.6,5.1,85.0,1.0
2026-07-11 01:00:00,59134,厦门,27.9,998.0,73.7,3.6,4.6,101.0,0.5
2026-07-11 02:00:00,59134,厦门,28.3,996.7,77.0,3.6,4.5,93.0,0.0
2026-07-11 03:00:00,59134,厦门,28.0,996.2,75.4,4.1,6.7,107.0,0.0
2026-07-11 04:00:00,59134,厦门,27.1,996.4,74.9,3.7,4.4,91.0,2.3
2026-07-11 05:00:00,59134,厦门,27.5,995.8,76.2,4.5,6.4,103.0,0.0
2026-07-11 06:00:00,59134,厦门,27.5,995.3,72.8,4.4,6.1,119.0,0.6
2026-07-11 07:00:00,59134,厦门,27.2,995.2,77.8,4.7,7.1,117.0,0.1
2026-07-11 08:00:00,59134,厦门,27.5,993.8,77.3,6.0,8.1,121.0,3.1
2026-07-11 09:00:00,59134,厦门,27.5,993.7,77.1,4.5,6.5,113.0,3.3
2026-07-11 10:00:00,59134,厦门,27.1,993.1,75.7,5.7,7.8,125.0,4.0
2026-07-11 11:00:00,59134,厦门,27.4,990.9,82.3,6.1,9.5,143.0,4.0
2026-07-11 12:00:00,59134,厦门,26.5,989.7,77.5,8.1,10.9,137.0,6.4
2026-07-11 13:00:00,59134,厦门,26.6,988.9,79.2,8.4,12.6,146.0,7.5
2026-07-11 14:00:00,59134,厦门,26.8,987.1,82.7,8.4,12.0,155.0,9.1
2026-07-11 15:00:00,59134,厦门,26.1,986.0,81.4,9.8,14.4,177.0,10.7
2026-07-11 16:00:00,59134,厦门,26.2,984.3,84.8,10.5,15.1,179.0,13.6
2026-07-11 17:00:00,59134,厦门,25.6,982.7,84.8,11.1,16.8,179.0,16.0
2026-07-11 18:00:00,59134,厦门,25.5,981.0,86.0,12.8,18.6,192.0,17.4
2026-07-11 19:00:00,59134,厦门,25.3,979.2,90.2,13.5,20.2,218.0,19.5
2026-07-11 20:00:00,59134,厦门,25.2,977.7,85.8,14.8,23.0,216.0,23.1
2026-07-11 21:00:00,59134,厦门,25.0,976.2,92.2,15.6,23.7,218.0,24.6
2026-07-11 22:00:00,59134,厦门,24.5,974.1,92.4,15.5,23.9,225.0,27.0
2026-07-11 23:00:00,59134,厦门,24.9,973.6,93.8,17.2,27.1,258.0,29.1
2026-07-12 00:00:00,59134,厦门,24.4,971.8,95.4,17.7,28.2,259.0,28.7
2026-07-12 01:00:00,59134,厦门,24.0,971.9,95.6,17.4,27.5,261.0,27.6
2026-07-12 02:00:00,59134,厦门,24.0,970.3,96.0,19.0,30.0,269.0,29.6
2026-07-12 03:00:00,59134,厦门,24.2,970.7,98.6,18.5,30.3,266.0,29.0
2026-07-12 04:00:00,59134,厦门,23.6,970.6,92.4,19.1,31.1,260.0,30.3
2026-07-12 05:00:00,59134,厦门,24.0,970.6,93.6,18.8,28.9,267.0,29.0
2026-07-12 06:00:00,59134,厦门,23.6,970.9,91.8,18.4,29.3,271.0,27.3
2026-07-12 07:00:00,59134,厦门,23.9,970.6,90.4,19.2,30.6,256.0,25.1
2026-07-12 08:00:00,59134,厦门,24.0,972.4,89.1,17.0,26.4,249.0,22.8
2026-07-12 09:00:00,59134,厦门,24.3,973.2,87.9,17.2,27.0,237.0,19.4
2026-07-12 10:00:00,59134,厦门,25.1,974.6,86.9,16.8,26.0,256.0,18.8
2026-07-12 11:00:00,59134,厦门,25.1,976.8,80.4,16.2,25.5,242.0,15.9
2026-07-12 12:00:00,59134,厦门,24.6,977.8,85.0,14.7,22.1,219.0,12.7
2026-07-12 13:00:00,59134,厦门,25.0,979.2,81.1,14.2,21.4,198.0,12.6
2026-07-12 14:00:00,59134,厦门,25.5,981.6,80.7,13.0,20.1,201.0,8.9
2026-07-12 15:00:00,59134,厦门,25.8,982.1,81.9,11.6,17.9,182.0,8.6
2026-07-12 16:00:00,59134,厦门,26.3,983.9,80.7,10.6,15.5,186.0,6.4
2026-07-12 17:00:00,59134,厦门,26.5,986.7,75.9,9.3,14.0,163.0,6.2
2026-07-12 18:00:00,59134,厦门,26.1,988.0,77.5,9.9,14.3,161.0,4.1
2026-07-12 19:00:00,59134,厦门,26.9,988.3,77.9,8.7,12.6,152.0,3.5
2026-07-12 20:00:00,59134,厦门,26.6,990.8,72.9,8.0,11.3,138.0,3.7
2026-07-12 21:00:00,59134,厦门,27.4,991.1,72.7,7.0,9.7,127.0,1.3
2026-07-12 22:00:00,59134,厦门,27.2,991.9,76.6,5.4,6.4,129.0,1.3
2026-07-12 23:00:00,59134,厦门,28.2,994.3,71.8,6.0,7.3,106.0,1.1
